CALENDAR,TIMESTAMP,UUID
sport,26-Oct-2021 09:22:47,a923-45b7-gh12-2919
sport,26-Oct-2021 09:22:50,a923-45b7-gh12-2921
sport,26-Oct-2021 09:22:55,a923-45b7-gh12-2923
sport,26-Oct-2021 09:22:58,a923-45b7-gh12-2925
sport,26-Oct-2021 09:23:02,a923-45b7-gh12-2927
sport,26-Oct-2021 09:23:07,a923-45b7-gh12-2929
sport,26-Oct-2021 09:23:10,a923-45b7-gh12-2931
sport,26-Oct-2021 09:23:15,a923-45b7-gh12-2933
sport,26-Oct-2021 09:23:18,a923-45b7-gh12-2935
sport,26-Oct-2021 09:23:22,a923-45b7-gh12-2937
sport,26-Oct-2021 09:23:27,a923-45b7-gh12-2939
sport,26-Oct-2021 09:23:30,a923-45b7-gh12-2941
sport,26-Oct-2021 09:23:34,a923-45b7-gh12-2943
sport,26-Oct-2021 09:23:39,a923-45b7-gh12-2945
sport,26-Oct-2021 09:23:42,a923-45b7-gh12-2947
sport,26-Oct-2021 09:23:46,a923-45b7-gh12-2949
sport,26-Oct-2021 09:23:50,a923-45b7-gh12-2951
sport,26-Oct-2021 09:23:54,a923-45b7-gh12-2953
sport,26-Oct-2021 09:23:59,a923-45b7-gh12-2955
sport,26-Oct-2021 09:24:03,a923-45b7-gh12-2957
sport,26-Oct-2021 09:24:06,a923-45b7-gh12-2959
sport,26-Oct-2021 09:24:11,a923-45b7-gh12-2961
sport,26-Oct-2021 09:24:14,a923-45b7-gh12-2963
sport,26-Oct-2021 09:24:18,a923-45b7-gh12-2965
sport,26-Oct-2021 09:24:22,a923-45b7-gh12-2967
sport,26-Oct-2021 09:24:27,a923-45b7-gh12-2969
sport,26-Oct-2021 09:24:31,a923-45b7-gh12-2971
sport,26-Oct-2021 09:24:34,a923-45b7-gh12-2973
sport,26-Oct-2021 09:24:39,a923-45b7-gh12-2975
sport,26-Oct-2021 09:24:42,a923-45b7-gh12-2977
sport,26-Oct-2021 09:24:47,a923-45b7-gh12-2979
sport,26-Oct-2021 09:24:50,a923-45b7-gh12-2981
sport,26-Oct-2021 09:24:55,a923-45b7-gh12-2983
sport,26-Oct-2021 09:24:58,a923-45b7-gh12-2985
sport,26-Oct-2021 09:25:02,a923-45b7-gh12-2987
sport,26-Oct-2021 09:25:06,a923-45b7-gh12-2989
sport,26-Oct-2021 09:25:11,a923-45b7-gh12-2991
sport,26-Oct-2021 09:25:15,a923-45b7-gh12-2993
sport,26-Oct-2021 09:25:18,a923-45b7-gh12-2995
sport,26-Oct-2021 09:25:22,a923-45b7-gh12-2997
sport,26-Oct-2021 09:25:27,a923-45b7-gh12-2999
sport,26-Oct-2021 09:25:30,a923-45b7-gh12-3001
sport,26-Oct-2021 09:25:34,a923-45b7-gh12-3003
sport,26-Oct-2021 09:25:39,a923-45b7-gh12-3005
sport,26-Oct-2021 09:25:42,a923-45b7-gh12-3007
sport,26-Oct-2021 09:25:47,a923-45b7-gh12-3009
sport,26-Oct-2021 09:25:51,a923-45b7-gh12-3011
sport,26-Oct-2021 09:25:54,a923-45b7-gh12-3013
sport,26-Oct-2021 09:25:58,a923-45b7-gh12-3015
sport,26-Oct-2021 09:26:03,a923-45b7-gh12-3017
sport,26-Oct-2021 09:26:06,a923-45b7-gh12-3019
sport,26-Oct-2021 09:26:11,a923-45b7-gh12-3021
sport,26-Oct-2021 09:26:15,a923-45b7-gh12-3023
sport,26-Oct-2021 09:26:19,a923-45b7-gh12-3025
sport,26-Oct-2021 09:26:23,a923-45b7-gh12-3027
sport,26-Oct-2021 09:26:27,a923-45b7-gh12-3029
sport,26-Oct-2021 09:26:31,a923-45b7-gh12-3031
sport,26-Oct-2021 09:26:35,a923-45b7-gh12-3033
sport,26-Oct-2021 09:26:39,a923-45b7-gh12-3035
sport,26-Oct-2021 09:26:43,a923-45b7-gh12-3037
sport,26-Oct-2021 09:26:46,a923-45b7-gh12-3039
sport,26-Oct-2021 09:26:51,a923-45b7-gh12-3041
sport,26-Oct-2021 09:26:54,a923-45b7-gh12-3043
sport,26-Oct-2021 09:26:59,a923-45b7-gh12-3045
sport,26-Oct-2021 09:27:03,a923-45b7-gh12-3047
sport,26-Oct-2021 09:27:07,a923-45b7-gh12-3049
sport,26-Oct-2021 09:27:11,a923-45b7-gh12-3051
sport,26-Oct-2021 09:27:14,a923-45b7-gh12-3053
sport,26-Oct-2021 09:27:19,a923-45b7-gh12-3055
sport,26-Oct-2021 09:27:22,a923-45b7-gh12-3057
sport,26-Oct-2021 09:27:26,a923-45b7-gh12-3059
sport,26-Oct-2021 09:27:30,a923-45b7-gh12-3061
sport,26-Oct-2021 09:27:34,a923-45b7-gh12-3063
sport,26-Oct-2021 09:27:38,a923-45b7-gh12-3065
sport,26-Oct-2021 09:27:42,a923-45b7-gh12-3067
sport,26-Oct-2021 09:27:46,a923-45b7-gh12-3069
sport,26-Oct-2021 09:27:50,a923-45b7-gh12-3071
sport,26-Oct-2021 09:27:55,a923-45b7-gh12-3073
sport,26-Oct-2021 09:27:59,a923-45b7-gh12-3075
sport,26-Oct-2021 09:28:02,a923-45b7-gh12-3077
sport,26-Oct-2021 09:28:06,a923-45b7-gh12-3079
sport,26-Oct-2021 09:28:11,a923-45b7-gh12-3081
sport,26-Oct-2021 09:28:14,a923-45b7-gh12-3083
sport,26-Oct-2021 09:28:19,a923-45b7-gh12-3085
sport,26-Oct-2021 09:28:23,a923-45b7-gh12-3087
sport,26-Oct-2021 09:28:27,a923-45b7-gh12-3089
sport,26-Oct-2021 09:28:31,a923-45b7-gh12-3091
sport,26-Oct-2021 09:28:35,a923-45b7-gh12-3093
sport,26-Oct-2021 09:28:39,a923-45b7-gh12-3095
sport,26-Oct-2021 09:28:43,a923-45b7-gh12-3097
sport,26-Oct-2021 09:28:46,a923-45b7-gh12-3099
sport,26-Oct-2021 09:28:50,a923-45b7-gh12-3101
sport,26-Oct-2021 09:28:54,a923-45b7-gh12-3103
sport,26-Oct-2021 09:28:59,a923-45b7-gh12-3105
sport,26-Oct-2021 09:29:03,a923-45b7-gh12-3107
sport,26-Oct-2021 09:29:06,a923-45b7-gh12-3109
sport,26-Oct-2021 09:29:10,a923-45b7-gh12-3111
sport,26-Oct-2021 09:29:14,a923-45b7-gh12-3113
sport,26-Oct-2021 09:29:18,a923-45b7-gh12-3115
sport,26-Oct-2021 09:29:22,a923-45b7-gh12-3117
sport,26-Oct-2021 09:29:26,a923-45b7-gh12-3119
sport,26-Oct-2021 09:29:30,a923-45b7-gh12-3121
sport,26-Oct-2021 09:29:34,a923-45b7-gh12-3123
sport,26-Oct-2021 09:29:38,a923-45b7-gh12-3125
sport,26-Oct-2021 09:29:42,a923-45b7-gh12-3127
sport,26-Oct-2021 09:29:47,a923-45b7-gh12-3129
sport,26-Oct-2021 09:29:51,a923-45b7-gh12-3131
sport,26-Oct-2021 09:29:54,a923-45b7-gh12-3133
sport,26-Oct-2021 09:29:59,a923-45b7-gh12-3135
sport,26-Oct-2021 09:30:03,a923-45b7-gh12-3137
sport,26-Oct-2021 09:30:07,a923-45b7-gh12-3139
sport,26-Oct-2021 09:30:10,a923-45b7-gh12-3141
sport,26-Oct-2021 09:30:15,a923-45b7-gh12-3143
sport,26-Oct-2021 09:30:18,a923-45b7-gh12-3145
sport,26-Oct-2021 09:30:22,a923-45b7-gh12-3147
sport,26-Oct-2021 09:30:27,a923-45b7-gh12-3149
sport,26-Oct-2021 09:30:31,a923-45b7-gh12-3151
sport,26-Oct-2021 09:30:35,a923-45b7-gh12-3153
sport,26-Oct-2021 09:30:38,a923-45b7-gh12-3155
sport,26-Oct-2021 09:30:42,a923-45b7-gh12-3157
sport,26-Oct-2021 09:30:47,a923-45b7-gh12-3159
sport,26-Oct-2021 09:30:51,a923-45b7-gh12-3161
sport,26-Oct-2021 09:30:54,a923-45b7-gh12-3163
sport,26-Oct-2021 09:30:58,a923-45b7-gh12-3165
sport,26-Oct-2021 09:31:02,a923-45b7-gh12-3167
sport,26-Oct-2021 09:31:06,a923-45b7-gh12-3169
sport,26-Oct-2021 09:31:11,a923-45b7-gh12-3171
sport,26-Oct-2021 09:31:14,a923-45b7-gh12-3173
sport,26-Oct-2021 09:31:18,a923-45b7-gh12-3175
sport,26-Oct-2021 09:31:23,a923-45b7-gh12-3177
sport,26-Oct-2021 09:31:26,a923-45b7-gh12-3179
sport,26-Oct-2021 09:31:30,a923-45b7-gh12-3181
sport,26-Oct-2021 09:31:35,a923-45b7-gh12-3183
sport,26-Oct-2021 09:31:39,a923-45b7-gh12-3185
sport,26-Oct-2021 09:31:43,a923-45b7-gh12-3187
sport,26-Oct-2021 09:31:46,a923-45b7-gh12-3189
sport,26-Oct-2021 09:31:51,a923-45b7-gh12-3191
sport,26-Oct-2021 09:31:55,a923-45b7-gh12-3193
sport,26-Oct-2021 09:31:58,a923-45b7-gh12-3195
sport,26-Oct-2021 09:32:03,a923-45b7-gh12-3197
sport,26-Oct-2021 09:32:07,a923-45b7-gh12-3199
sport,26-Oct-2021 09:32:10,a923-45b7-gh12-3201
sport,26-Oct-2021 09:32:14,a923-45b7-gh12-3203
sport,26-Oct-2021 09:32:19,a923-45b7-gh12-3205
sport,26-Oct-2021 09:32:22,a923-45b7-gh12-3207
sport,26-Oct-2021 09:32:27,a923-45b7-gh12-3209
sport,26-Oct-2021 09:32:31,a923-45b7-gh12-3211
sport,26-Oct-2021 09:32:34,a923-45b7-gh12-3213
sport,26-Oct-2021 09:32:39,a923-45b7-gh12-3215
sport,26-Oct-2021 09:32:43,a923-45b7-gh12-3217
sport,26-Oct-2021 09:32:46,a923-45b7-gh12-3219
sport,26-Oct-2021 09:32:50,a923-45b7-gh12-3221
sport,26-Oct-2021 09:32:54,a923-45b7-gh12-3223
sport,26-Oct-2021 09:32:59,a923-45b7-gh12-3225
sport,26-Oct-2021 09:33:03,a923-45b7-gh12-3227
sport,26-Oct-2021 09:33:07,a923-45b7-gh12-3229
sport,26-Oct-2021 09:33:10,a923-45b7-gh12-3231
sport,26-Oct-2021 09:33:15,a923-45b7-gh12-3233
sport,26-Oct-2021 09:33:19,a923-45b7-gh12-3235
sport,26-Oct-2021 09:33:22,a923-45b7-gh12-3237
sport,26-Oct-2021 09:33:27,a923-45b7-gh12-3239
sport,26-Oct-2021 09:33:30,a923-45b7-gh12-3241
sport,26-Oct-2021 09:33:34,a923-45b7-gh12-3243
sport,26-Oct-2021 09:33:38,a923-45b7-gh12-3245
sport,26-Oct-2021 09:33:42,a923-45b7-gh12-3247
sport,26-Oct-2021 09:33:46,a923-45b7-gh12-3249
sport,26-Oct-2021 09:33:50,a923-45b7-gh12-3251
sport,26-Oct-2021 09:33:55,a923-45b7-gh12-3253
sport,26-Oct-2021 09:33:59,a923-45b7-gh12-3255
sport,26-Oct-2021 09:34:03,a923-45b7-gh12-3257
sport,26-Oct-2021 09:34:06,a923-45b7-gh12-3259
sport,26-Oct-2021 09:34:10,a923-45b7-gh12-3261
sport,26-Oct-2021 09:34:15,a923-45b7-gh12-3263
sport,26-Oct-2021 09:34:19,a923-45b7-gh12-3265
sport,26-Oct-2021 09:34:22,a923-45b7-gh12-3267
sport,26-Oct-2021 09:34:27,a923-45b7-gh12-3269
sport,26-Oct-2021 09:34:31,a923-45b7-gh12-3271
sport,26-Oct-2021 09:34:35,a923-45b7-gh12-3273
sport,26-Oct-2021 09:34:39,a923-45b7-gh12-3275
sport,26-Oct-2021 09:34:43,a923-45b7-gh12-3277
sport,26-Oct-2021 09:34:47,a923-45b7-gh12-3279
sport,26-Oct-2021 09:34:51,a923-45b7-gh12-3281
sport,26-Oct-2021 09:34:54,a923-45b7-gh12-3283
sport,26-Oct-2021 09:34:59,a923-45b7-gh12-3285
sport,26-Oct-2021 09:35:03,a923-45b7-gh12-3287
sport,26-Oct-2021 09:35:06,a923-45b7-gh12-3289
sport,26-Oct-2021 09:35:10,a923-45b7-gh12-3291
sport,26-Oct-2021 09:35:15,a923-45b7-gh12-3293
sport,26-Oct-2021 09:35:19,a923-45b7-gh12-3295
sport,26-Oct-2021 09:35:23,a923-45b7-gh12-3297
sport,26-Oct-2021 09:35:27,a923-45b7-gh12-3299
sport,26-Oct-2021 09:35:30,a923-45b7-gh12-3301
sport,26-Oct-2021 09:35:35,a923-45b7-gh12-3303
sport,26-Oct-2021 09:35:38,a923-45b7-gh12-3305
sport,26-Oct-2021 09:35:42,a923-45b7-gh12-3307
sport,26-Oct-2021 09:35:46,a923-45b7-gh12-3309
sport,26-Oct-2021 09:35:50,a923-45b7-gh12-3311
sport,26-Oct-2021 09:35:54,a923-45b7-gh12-3313
sport,26-Oct-2021 09:35:58,a923-45b7-gh12-3315
sport,26-Oct-2021 09:36:02,a923-45b7-gh12-3317
sport,26-Oct-2021 09:36:07,a923-45b7-gh12-3319
sport,26-Oct-2021 09:36:11,a923-45b7-gh12-3321
sport,26-Oct-2021 09:36:15,a923-45b7-gh12-3323
sport,26-Oct-2021 09:36:18,a923-45b7-gh12-3325
sport,26-Oct-2021 09:36:23,a923-45b7-gh12-3327
sport,26-Oct-2021 09:36:26,a923-45b7-gh12-3329
sport,26-Oct-2021 09:36:30,a923-45b7-gh12-3331
sport,26-Oct-2021 09:36:34,a923-45b7-gh12-3333
sport,26-Oct-2021 09:36:38,a923-45b7-gh12-3335
sport,26-Oct-2021 09:36:42,a923-45b7-gh12-3337
sport,26-Oct-2021 09:36:47,a923-45b7-gh12-3339
sport,26-Oct-2021 09:36:51,a923-45b7-gh12-3341
sport,26-Oct-2021 09:36:54,a923-45b7-gh12-3343
sport,26-Oct-2021 09:36:59,a923-45b7-gh12-3345
sport,26-Oct-2021 09:37:03,a923-45b7-gh12-3347
sport,26-Oct-2021 09:37:07,a923-45b7-gh12-3349
sport,26-Oct-2021 09:37:10,a923-45b7-gh12-3351
sport,26-Oct-2021 09:37:14,a923-45b7-gh12-3353
sport,26-Oct-2021 09:37:18,a923-45b7-gh12-3355
sport,26-Oct-2021 09:37:23,a923-45b7-gh12-3357
sport,26-Oct-2021 09:37:26,a923-45b7-gh12-3359
sport,26-Oct-2021 09:37:30,a923-45b7-gh12-3361
sport,26-Oct-2021 09:37:35,a923-45b7-gh12-3363
sport,26-Oct-2021 09:37:38,a923-45b7-gh12-3365
sport,26-Oct-2021 09:37:43,a923-45b7-gh12-3367
sport,26-Oct-2021 09:37:46,a923-45b7-gh12-3369
sport,26-Oct-2021 09:37:50,a923-45b7-gh12-3371
sport,26-Oct-2021 09:37:55,a923-45b7-gh12-3373
sport,26-Oct-2021 09:37:59,a923-45b7-gh12-3375
sport,26-Oct-2021 09:38:02,a923-45b7-gh12-3377
sport,26-Oct-2021 09:38:07,a923-45b7-gh12-3379
sport,26-Oct-2021 09:38:10,a923-45b7-gh12-3381
sport,26-Oct-2021 09:38:15,a923-45b7-gh12-3383
sport,26-Oct-2021 09:38:19,a923-45b7-gh12-3385
sport,26-Oct-2021 09:38:22,a923-45b7-gh12-3387
sport,26-Oct-2021 09:38:26,a923-45b7-gh12-3389
sport,26-Oct-2021 09:38:30,a923-45b7-gh12-3391
sport,26-Oct-2021 09:38:34,a923-45b7-gh12-3393
sport,26-Oct-2021 09:38:39,a923-45b7-gh12-3395
sport,26-Oct-2021 09:38:42,a923-45b7-gh12-3397
sport,26-Oct-2021 09:38:46,a923-45b7-gh12-3399
sport,26-Oct-2021 09:38:50,a923-45b7-gh12-3401
sport,26-Oct-2021 09:38:54,a923-45b7-gh12-3403
sport,26-Oct-2021 09:38:59,a923-45b7-gh12-3405
sport,26-Oct-2021 09:39:02,a923-45b7-gh12-3407
sport,26-Oct-2021 09:39:06,a923-45b7-gh12-3409
sport,26-Oct-2021 09:39:10,a923-45b7-gh12-3411
sport,26-Oct-2021 09:39:15,a923-45b7-gh12-3413
sport,26-Oct-2021 09:39:19,a923-45b7-gh12-3415
sport,26-Oct-2021 09:39:22,a923-45b7-gh12-3417
sport,26-Oct-2021 09:39:27,a923-45b7-gh12-3419
sport,26-Oct-2021 09:39:31,a923-45b7-gh12-3421
sport,26-Oct-2021 09:39:34,a923-45b7-gh12-3423
sport,26-Oct-2021 09:39:38,a923-45b7-gh12-3425
sport,26-Oct-2021 09:39:43,a923-45b7-gh12-3427
sport,26-Oct-2021 09:39:47,a923-45b7-gh12-3429
sport,26-Oct-2021 09:39:51,a923-45b7-gh12-3431
sport,26-Oct-2021 09:39:54,a923-45b7-gh12-3433
sport,26-Oct-2021 09:39:58,a923-45b7-gh12-3435
sport,26-Oct-2021 09:40:02,a923-45b7-gh12-3437
sport,26-Oct-2021 09:40:06,a923-45b7-gh12-3439
sport,26-Oct-2021 09:40:11,a923-45b7-gh12-3441
sport,26-Oct-2021 09:40:15,a923-45b7-gh12-3443
sport,26-Oct-2021 09:40:19,a923-45b7-gh12-3445
sport,26-Oct-2021 09:40:23,a923-45b7-gh12-3447
sport,26-Oct-2021 09:40:26,a923-45b7-gh12-3449
sport,26-Oct-2021 09:40:30,a923-45b7-gh12-3451
sport,26-Oct-2021 09:40:34,a923-45b7-gh12-3453
sport,26-Oct-2021 09:40:38,a923-45b7-gh12-3455
sport,26-Oct-2021 09:40:42,a923-45b7-gh12-3457
sport,26-Oct-2021 09:40:46,a923-45b7-gh12-3459
sport,26-Oct-2021 09:40:51,a923-45b7-gh12-3461
sport,26-Oct-2021 09:40:54,a923-45b7-gh12-3463
sport,26-Oct-2021 09:40:59,a923-45b7-gh12-3465
sport,26-Oct-2021 09:41:03,a923-45b7-gh12-3467
sport,26-Oct-2021 09:41:06,a923-45b7-gh12-3469
sport,26-Oct-2021 09:41:10,a923-45b7-gh12-3471
sport,26-Oct-2021 09:41:15,a923-45b7-gh12-3473
sport,26-Oct-2021 09:41:19,a923-45b7-gh12-3475
sport,26-Oct-2021 09:41:22,a923-45b7-gh12-3477
sport,26-Oct-2021 09:41:26,a923-45b7-gh12-3479
sport,26-Oct-2021 09:41:31,a923-45b7-gh12-3481
sport,26-Oct-2021 09:41:35,a923-45b7-gh12-3483
sport,26-Oct-2021 09:41:39,a923-45b7-gh12-3485
sport,26-Oct-2021 09:41:43,a923-45b7-gh12-3487
sport,26-Oct-2021 09:41:47,a923-45b7-gh12-3489
sport,26-Oct-2021 09:41:51,a923-45b7-gh12-3491
meditation,27-Oct-2021 12:15:29,a923-45b7-gh12-1854
meditation,27-Oct-2021 12:15:33,a923-45b7-gh12-1856
meditation,27-Oct-2021 12:15:37,a923-45b7-gh12-1858
meditation,27-Oct-2021 12:15:42,a923-45b7-gh12-1860
meditation,27-Oct-2021 12:15:45,a923-45b7-gh12-1862
meditation,27-Oct-2021 12:15:50,a923-45b7-gh12-1864
meditation,27-Oct-2021 12:15:54,a923-45b7-gh12-1866
meditation,27-Oct-2021 12:15:58,a923-45b7-gh12-1868
meditation,27-Oct-2021 12:16:01,a923-45b7-gh12-1870
meditation,27-Oct-2021 12:16:05,a923-45b7-gh12-1872
meditation,27-Oct-2021 12:16:10,a923-45b7-gh12-1874
meditation,27-Oct-2021 12:16:14,a923-45b7-gh12-1876
meditation,27-Oct-2021 12:16:17,a923-45b7-gh12-1878
meditation,27-Oct-2021 12:16:22,a923-45b7-gh12-1880
meditation,27-Oct-2021 12:16:25,a923-45b7-gh12-1882
meditation,27-Oct-2021 12:16:29,a923-45b7-gh12-1884
meditation,27-Oct-2021 12:16:34,a923-45b7-gh12-1886
meditation,27-Oct-2021 12:16:38,a923-45b7-gh12-1888
meditation,27-Oct-2021 12:16:41,a923-45b7-gh12-1890
meditation,27-Oct-2021 12:16:45,a923-45b7-gh12-1892
meditation,27-Oct-2021 12:16:49,a923-45b7-gh12-1894
meditation,27-Oct-2021 12:16:54,a923-45b7-gh12-1896
meditation,27-Oct-2021 12:16:57,a923-45b7-gh12-1898
meditation,27-Oct-2021 12:17:02,a923-45b7-gh12-1900
meditation,27-Oct-2021 12:17:05,a923-45b7-gh12-1902
meditation,27-Oct-2021 12:17:09,a923-45b7-gh12-1904
meditation,27-Oct-2021 12:17:14,a923-45b7-gh12-1906
meditation,27-Oct-2021 12:17:18,a923-45b7-gh12-1908
meditation,27-Oct-2021 12:17:21,a923-45b7-gh12-1910
meditation,27-Oct-2021 12:17:26,a923-45b7-gh12-1912
meditation,27-Oct-2021 12:17:30,a923-45b7-gh12-1914
meditation,27-Oct-2021 12:17:33,a923-45b7-gh12-1916
meditation,27-Oct-2021 12:17:38,a923-45b7-gh12-1918
meditation,27-Oct-2021 12:17:41,a923-45b7-gh12-1920
meditation,27-Oct-2021 12:17:45,a923-45b7-gh12-1922
meditation,27-Oct-2021 12:17:49,a923-45b7-gh12-1924
meditation,27-Oct-2021 12:17:53,a923-45b7-gh12-1926
meditation,27-Oct-2021 12:17:57,a923-45b7-gh12-1928
meditation,27-Oct-2021 12:18:02,a923-45b7-gh12-1930
meditation,27-Oct-2021 12:18:05,a923-45b7-gh12-1932
meditation,27-Oct-2021 12:18:10,a923-45b7-gh12-1934
meditation,27-Oct-2021 12:18:13,a923-45b7-gh12-1936
meditation,27-Oct-2021 12:18:17,a923-45b7-gh12-1938
meditation,27-Oct-2021 12:18:21,a923-45b7-gh12-1940
meditation,27-Oct-2021 12:18:26,a923-45b7-gh12-1942
meditation,27-Oct-2021 12:18:30,a923-45b7-gh12-1944
meditation,27-Oct-2021 12:18:33,a923-45b7-gh12-1946
meditation,27-Oct-2021 12:18:37,a923-45b7-gh12-1948
meditation,27-Oct-2021 12:18:41,a923-45b7-gh12-1950
meditation,27-Oct-2021 12:18:45,a923-45b7-gh12-1952
meditation,27-Oct-2021 12:18:50,a923-45b7-gh12-1954
meditation,27-Oct-2021 12:18:54,a923-45b7-gh12-1956
meditation,27-Oct-2021 12:18:58,a923-45b7-gh12-1958
meditation,27-Oct-2021 12:19:02,a923-45b7-gh12-1960
meditation,27-Oct-2021 12:19:06,a923-45b7-gh12-1962
meditation,27-Oct-2021 12:19:10,a923-45b7-gh12-1964
meditation,27-Oct-2021 12:19:13,a923-45b7-gh12-1966
meditation,27-Oct-2021 12:19:18,a923-45b7-gh12-1968
meditation,27-Oct-2021 12:19:22,a923-45b7-gh12-1970
meditation,27-Oct-2021 12:19:26,a923-45b7-gh12-1972
meditation,27-Oct-2021 12:19:30,a923-45b7-gh12-1974
meditation,27-Oct-2021 12:19:34,a923-45b7-gh12-1976
meditation,27-Oct-2021 12:19:37,a923-45b7-gh12-1978
meditation,27-Oct-2021 12:19:42,a923-45b7-gh12-1980
meditation,27-Oct-2021 12:19:46,a923-45b7-gh12-1982
meditation,27-Oct-2021 12:19:50,a923-45b7-gh12-1984
meditation,27-Oct-2021 12:19:54,a923-45b7-gh12-1986
meditation,27-Oct-2021 12:19:57,a923-45b7-gh12-1988
meditation,27-Oct-2021 12:20:01,a923-45b7-gh12-1990
meditation,27-Oct-2021 12:20:06,a923-45b7-gh12-1992
meditation,27-Oct-2021 12:20:09,a923-45b7-gh12-1994
meditation,27-Oct-2021 12:20:14,a923-45b7-gh12-1996
meditation,27-Oct-2021 12:20:17,a923-45b7-gh12-1998
meditation,27-Oct-2021 12:20:21,a923-45b7-gh12-2000
meditation,27-Oct-2021 12:20:25,a923-45b7-gh12-2002
meditation,27-Oct-2021 12:20:30,a923-45b7-gh12-2004
meditation,27-Oct-2021 12:20:33,a923-45b7-gh12-2006
meditation,27-Oct-2021 12:20:38,a923-45b7-gh12-2008
meditation,27-Oct-2021 12:20:42,a923-45b7-gh12-2010
meditation,27-Oct-2021 12:20:45,a923-45b7-gh12-2012
meditation,27-Oct-2021 12:20:49,a923-45b7-gh12-2014
meditation,27-Oct-2021 12:20:54,a923-45b7-gh12-2016
meditation,27-Oct-2021 12:20:57,a923-45b7-gh12-2018
meditation,27-Oct-2021 12:21:01,a923-45b7-gh12-2020
meditation,27-Oct-2021 12:21:06,a923-45b7-gh12-2022
meditation,27-Oct-2021 12:21:09,a923-45b7-gh12-2024
meditation,27-Oct-2021 12:21:14,a923-45b7-gh12-2026
meditation,27-Oct-2021 12:21:18,a923-45b7-gh12-2028
meditation,27-Oct-2021 12:21:22,a923-45b7-gh12-2030
meditation,27-Oct-2021 12:21:25,a923-45b7-gh12-2032
meditation,27-Oct-2021 12:21:30,a923-45b7-gh12-2034
meditation,27-Oct-2021 12:21:34,a923-45b7-gh12-2036
meditation,27-Oct-2021 12:21:37,a923-45b7-gh12-2038
meditation,27-Oct-2021 12:21:42,a923-45b7-gh12-2040
meditation,27-Oct-2021 12:21:45,a923-45b7-gh12-2042
meditation,27-Oct-2021 12:21:49,a923-45b7-gh12-2044
meditation,27-Oct-2021 12:21:53,a923-45b7-gh12-2046
meditation,27-Oct-2021 12:21:57,a923-45b7-gh12-2048
meditation,27-Oct-2021 12:22:02,a923-45b7-gh12-2050
meditation,27-Oct-2021 12:22:06,a923-45b7-gh12-2052
meditation,27-Oct-2021 12:22:09,a923-45b7-gh12-2054
meditation,27-Oct-2021 12:22:13,a923-45b7-gh12-2056
meditation,27-Oct-2021 12:22:18,a923-45b7-gh12-2058
meditation,27-Oct-2021 12:22:21,a923-45b7-gh12-2060
meditation,27-Oct-2021 12:22:25,a923-45b7-gh12-2062
meditation,27-Oct-2021 12:22:29,a923-45b7-gh12-2064
meditation,27-Oct-2021 12:22:33,a923-45b7-gh12-2066
meditation,27-Oct-2021 12:22:37,a923-45b7-gh12-2068
meditation,27-Oct-2021 12:22:41,a923-45b7-gh12-2070
meditation,27-Oct-2021 12:22:46,a923-45b7-gh12-2072
meditation,27-Oct-2021 12:22:50,a923-45b7-gh12-2074
meditation,27-Oct-2021 12:22:53,a923-45b7-gh12-2076
meditation,27-Oct-2021 12:22:58,a923-45b7-gh12-2078
meditation,27-Oct-2021 12:23:01,a923-45b7-gh12-2080
meditation,27-Oct-2021 12:23:06,a923-45b7-gh12-2082
meditation,27-Oct-2021 12:23:09,a923-45b7-gh12-2084
meditation,27-Oct-2021 12:23:14,a923-45b7-gh12-2086
meditation,27-Oct-2021 12:23:18,a923-45b7-gh12-2088
meditation,27-Oct-2021 12:23:21,a923-45b7-gh12-2090
meditation,27-Oct-2021 12:23:26,a923-45b7-gh12-2092
meditation,27-Oct-2021 12:23:29,a923-45b7-gh12-2094
meditation,27-Oct-2021 12:23:33,a923-45b7-gh12-2096
meditation,27-Oct-2021 12:23:38,a923-45b7-gh12-2098
meditation,27-Oct-2021 12:23:42,a923-45b7-gh12-2100
meditation,27-Oct-2021 12:23:45,a923-45b7-gh12-2102
meditation,27-Oct-2021 12:23:50,a923-45b7-gh12-2104
meditation,27-Oct-2021 12:23:54,a923-45b7-gh12-2106
meditation,27-Oct-2021 12:23:58,a923-45b7-gh12-2108
meditation,27-Oct-2021 12:24:02,a923-45b7-gh12-2110
meditation,27-Oct-2021 12:24:06,a923-45b7-gh12-2112
meditation,27-Oct-2021 12:24:09,a923-45b7-gh12-2114
meditation,27-Oct-2021 12:24:14,a923-45b7-gh12-2116
meditation,27-Oct-2021 12:24:18,a923-45b7-gh12-2118
meditation,27-Oct-2021 12:24:22,a923-45b7-gh12-2120
meditation,27-Oct-2021 12:24:25,a923-45b7-gh12-2122
meditation,27-Oct-2021 12:24:30,a923-45b7-gh12-2124
meditation,27-Oct-2021 12:24:33,a923-45b7-gh12-2126
meditation,27-Oct-2021 12:24:38,a923-45b7-gh12-2128
meditation,27-Oct-2021 12:24:42,a923-45b7-gh12-2130
meditation,27-Oct-2021 12:24:46,a923-45b7-gh12-2132
meditation,27-Oct-2021 12:24:49,a923-45b7-gh12-2134
meditation,27-Oct-2021 12:24:53,a923-45b7-gh12-2136
meditation,27-Oct-2021 12:24:58,a923-45b7-gh12-2138
meditation,27-Oct-2021 12:25:01,a923-45b7-gh12-2140
meditation,27-Oct-2021 12:25:05,a923-45b7-gh12-2142
meditation,27-Oct-2021 12:25:09,a923-45b7-gh12-2144
meditation,27-Oct-2021 12:25:13,a923-45b7-gh12-2146
meditation,27-Oct-2021 12:25:17,a923-45b7-gh12-2148
meditation,27-Oct-2021 12:25:22,a923-45b7-gh12-2150
meditation,27-Oct-2021 12:25:26,a923-45b7-gh12-2152
meditation,27-Oct-2021 12:25:30,a923-45b7-gh12-2154
meditation,27-Oct-2021 12:25:34,a923-45b7-gh12-2156
meditation,27-Oct-2021 12:25:37,a923-45b7-gh12-2158
meditation,27-Oct-2021 12:25:42,a923-45b7-gh12-2160
meditation,27-Oct-2021 12:25:46,a923-45b7-gh12-2162
meditation,27-Oct-2021 12:25:50,a923-45b7-gh12-2164
meditation,27-Oct-2021 12:25:53,a923-45b7-gh12-2166
meditation,27-Oct-2021 12:25:58,a923-45b7-gh12-2168
meditation,27-Oct-2021 12:26:02,a923-45b7-gh12-2170
meditation,27-Oct-2021 12:26:05,a923-45b7-gh12-2172
meditation,27-Oct-2021 12:26:09,a923-45b7-gh12-2174
meditation,27-Oct-2021 12:26:14,a923-45b7-gh12-2176
meditation,27-Oct-2021 12:26:18,a923-45b7-gh12-2178
meditation,27-Oct-2021 12:26:22,a923-45b7-gh12-2180
meditation,27-Oct-2021 12:26:25,a923-45b7-gh12-2182
meditation,27-Oct-2021 12:26:30,a923-45b7-gh12-2184
meditation,27-Oct-2021 12:26:33,a923-45b7-gh12-2186
meditation,27-Oct-2021 12:26:38,a923-45b7-gh12-2188
meditation,27-Oct-2021 12:26:41,a923-45b7-gh12-2190
meditation,27-Oct-2021 12:26:45,a923-45b7-gh12-2192
meditation,27-Oct-2021 12:26:50,a923-45b7-gh12-2194
meditation,27-Oct-2021 12:26:53,a923-45b7-gh12-2196
meditation,27-Oct-2021 12:26:58,a923-45b7-gh12-2198
meditation,27-Oct-2021 12:27:01,a923-45b7-gh12-2200
meditation,27-Oct-2021 12:27:05,a923-45b7-gh12-2202
meditation,27-Oct-2021 12:27:10,a923-45b7-gh12-2204
meditation,27-Oct-2021 12:27:14,a923-45b7-gh12-2206
meditation,27-Oct-2021 12:27:17,a923-45b7-gh12-2208
meditation,27-Oct-2021 12:27:21,a923-45b7-gh12-2210
meditation,27-Oct-2021 12:27:26,a923-45b7-gh12-2212
meditation,27-Oct-2021 12:27:30,a923-45b7-gh12-2214
meditation,27-Oct-2021 12:27:33,a923-45b7-gh12-2216
meditation,27-Oct-2021 12:27:38,a923-45b7-gh12-2218
meditation,27-Oct-2021 12:27:41,a923-45b7-gh12-2220
meditation,27-Oct-2021 12:27:45,a923-45b7-gh12-2222
meditation,27-Oct-2021 12:27:50,a923-45b7-gh12-2224
meditation,27-Oct-2021 12:27:53,a923-45b7-gh12-2226
meditation,27-Oct-2021 12:27:57,a923-45b7-gh12-2228
meditation,27-Oct-2021 12:28:01,a923-45b7-gh12-2230
meditation,27-Oct-2021 12:28:06,a923-45b7-gh12-2232
meditation,27-Oct-2021 12:28:10,a923-45b7-gh12-2234
meditation,27-Oct-2021 12:28:13,a923-45b7-gh12-2236
meditation,27-Oct-2021 12:28:17,a923-45b7-gh12-2238
meditation,27-Oct-2021 12:28:21,a923-45b7-gh12-2240
meditation,27-Oct-2021 12:28:25,a923-45b7-gh12-2242
meditation,27-Oct-2021 12:28:30,a923-45b7-gh12-2244
meditation,27-Oct-2021 12:28:33,a923-45b7-gh12-2246
meditation,27-Oct-2021 12:28:37,a923-45b7-gh12-2248
meditation,27-Oct-2021 12:28:41,a923-45b7-gh12-2250
meditation,27-Oct-2021 12:28:45,a923-45b7-gh12-2252
meditation,27-Oct-2021 12:28:50,a923-45b7-gh12-2254
meditation,27-Oct-2021 12:28:53,a923-45b7-gh12-2256
meditation,27-Oct-2021 12:28:58,a923-45b7-gh12-2258
meditation,27-Oct-2021 12:29:01,a923-45b7-gh12-2260
meditation,27-Oct-2021 12:29:05,a923-45b7-gh12-2262
meditation,27-Oct-2021 12:29:09,a923-45b7-gh12-2264
meditation,27-Oct-2021 12:29:13,a923-45b7-gh12-2266
meditation,27-Oct-2021 12:29:17,a923-45b7-gh12-2268
meditation,27-Oct-2021 12:29:21,a923-45b7-gh12-2270
meditation,27-Oct-2021 12:29:26,a923-45b7-gh12-2272
meditation,27-Oct-2021 12:29:30,a923-45b7-gh12-2274
meditation,27-Oct-2021 12:29:34,a923-45b7-gh12-2276
meditation,27-Oct-2021 12:29:38,a923-45b7-gh12-2278
meditation,27-Oct-2021 12:29:42,a923-45b7-gh12-2280
meditation,27-Oct-2021 12:29:46,a923-45b7-gh12-2282
meditation,27-Oct-2021 12:29:50,a923-45b7-gh12-2284
meditation,27-Oct-2021 12:29:53,a923-45b7-gh12-2286
meditation,27-Oct-2021 12:29:57,a923-45b7-gh12-2288
meditation,27-Oct-2021 12:30:02,a923-45b7-gh12-2290
meditation,27-Oct-2021 12:30:06,a923-45b7-gh12-2292
meditation,27-Oct-2021 12:30:09,a923-45b7-gh12-2294
meditation,27-Oct-2021 12:30:14,a923-45b7-gh12-2296
meditation,27-Oct-2021 12:30:18,a923-45b7-gh12-2298
meditation,27-Oct-2021 12:30:21,a923-45b7-gh12-2300
meditation,27-Oct-2021 12:30:25,a923-45b7-gh12-2302
meditation,27-Oct-2021 12:30:30,a923-45b7-gh12-2304
meditation,27-Oct-2021 12:30:33,a923-45b7-gh12-2306
meditation,27-Oct-2021 12:30:37,a923-45b7-gh12-2308
meditation,27-Oct-2021 12:30:42,a923-45b7-gh12-2310
meditation,27-Oct-2021 12:30:46,a923-45b7-gh12-2312
meditation,27-Oct-2021 12:30:49,a923-45b7-gh12-2314
meditation,27-Oct-2021 12:30:54,a923-45b7-gh12-2316
meditation,27-Oct-2021 12:30:58,a923-45b7-gh12-2318
meditation,27-Oct-2021 12:31:02,a923-45b7-gh12-2320
meditation,27-Oct-2021 12:31:05,a923-45b7-gh12-2322
meditation,27-Oct-2021 12:31:09,a923-45b7-gh12-2324
meditation,27-Oct-2021 12:31:14,a923-45b7-gh12-2326
meditation,27-Oct-2021 12:31:18,a923-45b7-gh12-2328
meditation,27-Oct-2021 12:31:21,a923-45b7-gh12-2330
meditation,27-Oct-2021 12:31:26,a923-45b7-gh12-2332
meditation,27-Oct-2021 12:31:29,a923-45b7-gh12-2334
meditation,27-Oct-2021 12:31:34,a923-45b7-gh12-2336
meditation,27-Oct-2021 12:31:38,a923-45b7-gh12-2338
meditation,27-Oct-2021 12:31:42,a923-45b7-gh12-2340
meditation,27-Oct-2021 12:31:46,a923-45b7-gh12-2342
meditation,27-Oct-2021 12:31:50,a923-45b7-gh12-2344
meditation,27-Oct-2021 12:31:54,a923-45b7-gh12-2346
meditation,27-Oct-2021 12:31:57,a923-45b7-gh12-2348
meditation,27-Oct-2021 12:32:02,a923-45b7-gh12-2350
meditation,27-Oct-2021 12:32:05,a923-45b7-gh12-2352
meditation,27-Oct-2021 12:32:09,a923-45b7-gh12-2354
meditation,27-Oct-2021 12:32:13,a923-45b7-gh12-2356
meditation,27-Oct-2021 12:32:17,a923-45b7-gh12-2358
meditation,27-Oct-2021 12:32:22,a923-45b7-gh12-2360
meditation,27-Oct-2021 12:32:26,a923-45b7-gh12-2362
meditation,27-Oct-2021 12:32:29,a923-45b7-gh12-2364
meditation,27-Oct-2021 12:32:33,a923-45b7-gh12-2366
meditation,27-Oct-2021 12:32:37,a923-45b7-gh12-2368
meditation,27-Oct-2021 12:32:42,a923-45b7-gh12-2370
meditation,27-Oct-2021 12:32:46,a923-45b7-gh12-2372
meditation,27-Oct-2021 12:32:49,a923-45b7-gh12-2374
meditation,27-Oct-2021 12:32:54,a923-45b7-gh12-2376
meditation,27-Oct-2021 12:32:57,a923-45b7-gh12-2378
meditation,27-Oct-2021 12:33:01,a923-45b7-gh12-2380
meditation,27-Oct-2021 12:33:05,a923-45b7-gh12-2382
meditation,27-Oct-2021 12:33:09,a923-45b7-gh12-2384
meditation,27-Oct-2021 12:33:14,a923-45b7-gh12-2386
meditation,27-Oct-2021 12:33:18,a923-45b7-gh12-2388
meditation,27-Oct-2021 12:33:22,a923-45b7-gh12-2390
meditation,27-Oct-2021 12:33:26,a923-45b7-gh12-2392
meditation,27-Oct-2021 12:33:29,a923-45b7-gh12-2394
meditation,27-Oct-2021 12:33:33,a923-45b7-gh12-2396
meditation,27-Oct-2021 12:33:38,a923-45b7-gh12-2398
meditation,27-Oct-2021 12:33:42,a923-45b7-gh12-2400
meditation,27-Oct-2021 12:33:45,a923-45b7-gh12-2402
meditation,27-Oct-2021 12:33:50,a923-45b7-gh12-2404
meditation,27-Oct-2021 12:33:54,a923-45b7-gh12-2406
meditation,27-Oct-2021 12:33:57,a923-45b7-gh12-2408
meditation,27-Oct-2021 12:34:02,a923-45b7-gh12-2410
meditation,27-Oct-2021 12:34:05,a923-45b7-gh12-2412
meditation,27-Oct-2021 12:34:10,a923-45b7-gh12-2414
meditation,27-Oct-2021 12:34:14,a923-45b7-gh12-2416
meditation,27-Oct-2021 12:34:17,a923-45b7-gh12-2418
meditation,27-Oct-2021 12:34:21,a923-45b7-gh12-2420
meditation,27-Oct-2021 12:34:25,a923-45b7-gh12-2422
meditation,27-Oct-2021 12:34:29,a923-45b7-gh12-2424
meditation,27-Oct-2021 12:34:34,a923-45b7-gh12-2426
